"id","name","email","gender","status"
"4060691","Eli Brekke","elibrekke@mailinator.com","female","active"
"4060852","Raylene Weissnat","rayleneweissnat@mailinator.com","female","active"
"4060899","Kaley Frami","kaleyframi@mailinator.com","female","active"
"6808467","Freddy Hettinger","freddyhettinger@mailinator.com","male","active"
"6811614","Carroll Borer","carrollborer@mailinator.com","female","active"
"6811617","Deb Bruen","debbruen@mailinator.com","male","active"
"6811618","Anna Okuneva","annaokuneva@mailinator.com","male","active"
"6816150","Mohammad Hansen","mohammadhansen@mailinator.com","female","active"
"6817961","Dori Wilkinson","doriwilkinson@mailinator.com","male","active"
"6818147","Rueben Bailey","ruebenbailey@mailinator.com","female","active"
"6818148","Ellie Labadie","ellielabadie@mailinator.com","female","active"
"6818167","Lyman Beier","lymanbeier@mailinator.com","female","active"
"6821092","Damian DuBuque","damiandubuque@mailinator.com","male","active"
"6821116","Millicent Marks","millicentmarks@mailinator.com","female","active"
